codigo_ibge,distribuidora
1501303,AXIA NORTE
4127106,COPEL GET
2905701,AXIA NORDESTE
3513504,CTEEP
3131307,CEMIG GERACAO
3205002,ESCELSA
3306305,LIGHT
4209102,CELESC DIST
2925204,AXIA NORDESTE
3538709,CPFL PAULISTA
3518800,BANDEIRANTE
1504208,AXIA NORTE
3525904,CPFL PIRATINGA
3547809,CTEEP
5203203,AXIA SUDESTE - UHE FURNAS
4322004,CEEE TRANSMISSAO
3151206,CEMIG DISTRIB
1505437,ONTE
3131703,CEMIG GERACAO
3536505,CTEEP
3136702,CEMIG DISTRIB
3144805,CEMIG GERACAO
3548708,ELETROPAULO
3301702,LIGHT
3147006,SMTE
2906501,AXIA NORDESTE
3106705,CEMIG DISTRIB
3538006,CTEEP
3524402,BANDEIRANTE
3145901,MANTIQUEIRA-TE
3552205,CPFL PIRATINGA
3526902,ELEKTRO
3117504,CEMIG GERACAO
3552502,BANDEIRANTE
3170206,CEMIG DISTRIB
3304201,AXIA SUDESTE - UHE FURNAS
3140001,AXIA SUDESTE - UHE FURNAS
3168705,CEMIG GERACAO
1505502,ETEPA
2602902,CELPE
3549904,BANDEIRANTE
1502152,AXIA NORTE
3552403,CPFL PAULISTA
3167202,CEMIG DISTRIB
3543907,ELEKTRO
3529401,ELETROPAULO
3136207,CEMIG GERACAO
3501608,CPFL PAULISTA
4125506,COPEL DISTRIB
3118601,CEMIG DISTRIB
3118007,CEMIG DISTRIB
2307650,COELCE
3104007,CEMIG DISTRIB
4119905,COPEL DISTRIB
3519071,CPFL PAULISTA
3530607,BANDEIRANTE
3169356,CEMIG DISTRIB
3170800,CEMIG DISTRIB
3530706,ELEKTRO
3301900,AXIA SUDESTE - UHE FURNAS
5201108,CELG
3509007,ELEKTRO
3170107,CEMIG DISTRIB
3105608,CEMIG DISTRIB
3161908,CEMIG GERACAO
3534401,ELETROPAULO
2607208,AXIA NORDESTE
4122206,COPEL GET
3160702,CEMIG DISTRIB
3546702,ELEKTRO
3135407,CEMIG GERACAO
3146107,CEMIG DISTRIB
4112009,COPEL DISTRIB
4204202,CELESC DIST
3548500,CPFL PIRATINGA
3303500,LIGHT
4113700,COPEL DISTRIB
3502754,CTEEP
5218805,CELG
4203006,CELESC DIST
3543402,CPFL PAULISTA
4208906,CELESC DIST
3200607,ESCELSA
3104205,CEMIG DISTRIB
2613503,AXIA NORDESTE
3556701,CPFL PIRATINGA
1501782,AXIA NORTE
4115200,COPEL DISTRIB
4202404,CELESC DIST
2606200,ITAMARACA
4101804,COPEL GET
3302403,AMPLA
4127700,COPEL DISTRIB
2930709,COELBA
4104808,COPEL DISTRIB
2910800,COELBA
3545209,CPFL PIRATINGA
3547304,ELETROPAULO
3171006,CEMIG DISTRIB
5107602,ENERGISA MT
4101606,COPEL DISTRIB
3201308,ESCELSA
2704708,CEAL
3520509,CPFL PIRATINGA
1505536,AXIA NORTE
2803609,AXIA NORDESTE
3545308,CPFL PIRATINGA
2913408,AXIA NORDESTE
4208203,CELESC DIST
3548906,CPFL PAULISTA
4202909,CELESC DIST
4216206,AXIA SUL
3122306,CEMIG DISTRIB
3125101,ENERGISA SS
5003702,ENERGISA MS
4102307,COPEL DISTRIB
2929206,AXIA NORDESTE
3557006,CPFL PIRATINGA
4315602,CEEE DISTRIB
3513801,ELETROPAULO
4309209,RGE SUL
3509205,ELETROPAULO
3522307,CPFL JAGUARI
4320008,CEEE TRANSMISSAO
2408003,COSERN
3171204,CEMIG DISTRIB
3152501,CEMIG DISTRIB
3512407,ELEKTRO
4305355,AXIA SUL
3513009,ELETROPAULO
3554102,BANDEIRANTE
4204608,CELESC DIST
3507506,CPFL PAULISTA
4218301,CELESC DIST
3522406,ELEKTRO
3133709,CEMIG DISTRIB
4118204,COPEL DISTRIB
3508504,BANDEIRANTE
3107307,CEMIG DISTRIB
4122404,COPEL DISTRIB
3301108,AMPLA
4104907,COPEL DISTRIB
3548807,ELETROPAULO
5008305,ELEKTRO
3501905,CPFL PAULISTA
2910727,AXIA NORDESTE
3522505,ELETROPAULO
3156700,CEMIG GERACAO
3508405,ELEKTRO
3168101,CEMIG DISTRIB
3201209,ESCELSA
4318705,RGE SUL
3143302,CEMIG DISTRIB
5215504,CELG
4304606,RGE SUL
4302105,RGE SUL
3500709,CPFL PAULISTA
3540705,ELEKTRO
3205200,ESCELSA
2607901,CELPE
4117909,COPEL DISTRIB
3523909,CPFL PIRATINGA
3554003,ELEKTRO
3506003,CPFL PAULISTA
3504107,ELEKTRO
4312401,RGE SUL
3503307,ELEKTRO
3524006,CPFL PIRATINGA
3527603,CPFL PAULISTA
3519709,CPFL PIRATINGA
3304904,AMPLA
3203205,ESCELSA
5214606,AXIA SUDESTE - UHE FURNAS
4314100,RGE SUL
5108402,ENERGISA MT
3509254,ELEKTRO
3149309,CEMIG DISTRIB
4309308,CEEE TRANSMISSAO
2800308,ENERGISA SE
2606804,CELPE
3130408,CEMIG DISTRIB
3518404,BANDEIRANTE
2601706,CELPE
4207502,CELESC DIST
4219309,CELESC DIST
2900702,COELBA
3503208,CPFL PAULISTA
2917706,AXIA NORDESTE
2401453,COSERN
3549102,ELEKTRO
3302007,LIGHT
3166808,CEMIG DISTRIB
3533403,CPFL PAULISTA
4114609,COPEL DISTRIB
3556206,CPFL PAULISTA
4316808,RGE SUL
3523404,CPFL PAULISTA
2607752,CELPE
3527306,CPFL PIRATINGA
2303709,COELCE
3552809,ELETROPAULO
3545803,CPFL PAULISTA
2312908,AXIA NORDESTE
3523107,BANDEIRANTE
5105259,AXIA NORTE
4204301,CELESC DIST
4209300,CELESC DIST
4118402,COPEL DISTRIB
3546801,ELEKTRO
2907509,COELBA
2915205,AFLUENTE TRANSMISSAO
4201307,CELESC DIST
3133758,CEMIG DISTRIB
3147105,CEMIG DISTRIB
3109006,CEMIG DISTRIB
4311403,RGE SUL
4303905,RGE SUL
1503606,CELPA
3515004,ELETROPAULO
2504009,ENERGISA PB
3518701,ELEKTRO
5205109,CELG
4104303,COPEL DISTRIB
2917508,COELBA
4113908,COPEL DISTRIB
3141108,CEMIG DISTRIB
4107652,COPEL DISTRIB
3502804,CPFL PAULISTA
3541406,ENERGISA SS
3502705,ELEKTRO
3130309,CEMIG DISTRIB
4314407,CEEE DISTRIB
2305233,COELCE
4101507,COPEL DISTRIB
5201405,CELG
4218004,CELESC DIST
4105805,COPEL DISTRIB
3513405,BANDEIRANTE
3105905,CEMIG DISTRIB
3113206,CEMIG DISTRIB
3529005,CPFL PAULISTA
4307906,RGE SUL
3526803,CTEEP
2801504,ENERGISA SE
3507001,CPFL PIRATINGA
4119103,COPEL DISTRIB
5220454,CELG
4313409,RGE SUL
5106224,ENERGISA MT
3529302,CPFL PAULISTA
4115606,COPEL DISTRIB
5105903,ENERGISA MT
1500800,CELPA
2933307,COELBA
4307708,RGE SUL
4103453,COPEL DISTRIB
2616407,CELPE
4204806,CELESC DIST
4215455,CELESC DIST
4211306,CELESC DIST
3157807,CEMIG DISTRIB
4216602,CELESC DIST
3522604,CPFL PAULISTA
4202701,CELESC DIST
3133808,CEMIG DISTRIB
3534302,CPFL PAULISTA
3300456,LIGHT
4322608,RGE SUL
4211751,CELESC DIST
3302254,AMPLA
3130101,CEMIG DISTRIB
4115804,COPEL DISTRIB
2806107,AXIA NORDESTE
3527207,BANDEIRANTE
5211503,CELG
3516200,CPFL PAULISTA
2301000,COELCE
3539806,BANDEIRANTE
3551702,CPFL PAULISTA
2500601,TAESA-SANT
4108304,COPEL DISTRIB
3503901,ELEKTRO
3304003,LIGHT
2610707,CELPE
4204558,CELESC DIST
2919553,COELBA
3306008,LIGHT
3304110,AMPLA
2904605,COELBA
3526407,ELEKTRO
2906006,COELBA
3556503,CPFL PIRATINGA
4303103,RGE SUL
2503001,ENERGISA PB
4215802,CELESC DIST
5217401,CELG
3554508,ELEKTRO
4205902,CELESC DIST
4323002,CEEE DISTRIB
2611101,CELPE
4103701,COPEL DISTRIB
3505500,CPFL PAULISTA
4118501,COPEL DISTRIB
4101408,COPEL DISTRIB
2100055,AXIA NORTE
4119152,COPEL DISTRIB
4100202,COPEL DISTRIB
4128203,COPEL DISTRIB
4108403,COPEL DISTRIB
3526704,ELEKTRO
5101407,EBTE 2
4308607,RGE SUL
2702355,AXIA NORDESTE
3507605,ENERGISA SS
4322509,RGE SUL
4206504,CELESC DIST
2304285,COELCE
3134905,CEMIG DISTRIB
3127701,CEMIG DISTRIB
2511905,TAESA-SANT
3136652,CEMIG DISTRIB
5205455,CELG
4316907,RGE SUL
3502101,ELEKTRO
4205506,CELESC DIST
3157203,CEMIG GERACAO
3556453,ELETROPAULO
4311809,RGE SUL
4104659,COPEL DISTRIB
3510609,ELETROPAULO
3170701,CEMIG DISTRIB
4105508,COPEL DISTRIB
4125605,COPEL GET
5107909,ENERGISA MT
1508084,CELPA
3101607,CEMIG DISTRIB
2604106,CELPE
3303906,AMPLA
4128005,COPEL DISTRIB
5210406,CELG
5206404,CELG
2928000,COELBA
3154507,CEMIG DISTRIB
4213203,CELESC DIST
2311504,AXIA NORDESTE
2513703,ENERGISA PB
3531308,CPFL PAULISTA
4211702,CELESC DIST
1502400,CELPA
5107925,ENERGISA MT
4117602,COPEL DISTRIB
3305109,LIGHT
4211900,CELESC DIST
3149804,CEMIG DISTRIB
1100114,ENERGISA RO
3305000,AMPLA
3300407,LIGHT
3512803,CPFL PAULISTA
2922300,COELBA
2600054,CELPE
3525300,CPFL PAULISTA
4214805,CELESC DIST
3518305,BANDEIRANTE
3106309,CEMIG DISTRIB
4219176,CELESC DIST
3169307,CEMIG DISTRIB
4219705,DCELT
3304706,AMPLA
3541000,CPFL PIRATINGA
2921005,COELBA
4111902,COPEL DISTRIB
1506104,CELPA
3148004,CEMIG DISTRIB
2708600,CEAL
3511508,ELEKTRO
3301009,AMPLA
2104305,CEMAR
3549706,CPFL JAGUARI
4301008,RGE SUL
3515707,BANDEIRANTE
3133006,CEMIG DISTRIB
3146503,CEMIG DISTRIB
4218202,CELESC DIST
2913606,COELBA
5212808,CELG
5213103,CELG
4102000,COPEL DISTRIB
3541604,CERPRO
3550605,CPFL PIRATINGA
3525003,ELETROPAULO
3502200,ELEKTRO
3103504,CEMIG DISTRIB
2914802,COELBA
3536703,CPFL PAULISTA
5003207,ENERGISA MS
3551009,CPFL PIRATINGA
4114203,COPEL DISTRIB
1702109,ENERGISA TO
4120804,COPEL DISTRIB
5211909,TER
3537107,CPFL JAGUARI
4107207,COPEL DISTRIB
2920502,COELBA
3162955,CEMIG DISTRIB
3131901,CEMIG DISTRIB
4219200,CELESC DIST
3506102,CPFL PAULISTA
4213609,COPEL DISTRIB
3547601,CPFL PAULISTA
3525201,ELEKTRO
4203600,CELESC DIST
4206306,CELESC DIST
4119400,COPEL DISTRIB
3511102,ENERGISA SS
5100300,ENERGISA MT
2403103,COSERN
2929503,COELBA
3510401,CPFL PAULISTA
5212501,CELG
5107958,ENERGISA MT
3515152,ELEKTRO
4109807,COPEL DISTRIB
4303509,CEEE DISTRIB
4203808,CELESC DIST
3160108,CEMIG DISTRIB
4203907,CELESC DIST
3205101,ESCELSA
2919207,COELBA
2400703,COSERN
3118304,CEMIG DISTRIB
3165537,CEMIG DISTRIB
3533908,CPFL PAULISTA
4308201,RGE SUL
2307304,COELCE
3541703,ENERGISA SS
3301850,AMPLA
4217204,CELESC DIST
4113205,COPEL DISTRIB
3546405,CPFL JAGUARI
3522208,ELETROPAULO
5106752,ENERGISA MT
3169901,ENERGISA MR
5215702,CELG
2110302,AXIA NORTE
4218509,CELESC DIST
3531803,CPFL PAULISTA
5002159,ENERGISA MS
4128104,COPEL DISTRIB
3543303,ELETROPAULO
2804805,ENERGISA SE
2928604,COELBA
2609600,CELPE
4202107,CELESC DIST
4206652,CELESC DIST
3134202,CEMIG DISTRIB
4212908,CELESC DIST
3540606,CPFL PIRATINGA
4215000,CELESC DIST
3544004,CPFL PAULISTA
4106407,COPEL DISTRIB
5102678,ENERGISA MT
3505302,CPFL PAULISTA
5005707,ENERGISA MS
3557105,ELEKTRO
2105302,AXIA NORTE
2805703,ENERGISA SE
2918407,COELBA
2312403,AXIA NORDESTE
3300100,AMPLA
4208401,CELESC DIST
1506807,CELPA
4217907,CELESC DIST
3528007,CPFL PAULISTA
4210506,CELESC DIST
2916401,COELBA
3152105,CEMIG DISTRIB
4126306,COPEL DISTRIB
5210109,CELG
3151107,ENERGISA MR
3532009,CPFL PAULISTA
4217501,CELESC DIST
5007695,ENERGISA MS
3512902,ELEKTRO
3127107,CEMIG DISTRIB
4202008,CELESC DIST
4306106,RGE SUL
4310603,RGE SUL
3154606,CEMIG DISTRIB
5221403,CELG
5207352,CELG
2301851,AXIA NORDESTE
4208450,CELESC DIST
4318002,RGE SUL
2910057,COELBA
3300308,LIGHT
5007901,ENERGISA MS
3535309,ENERGISA SS
4313375,RGE SUL
5103502,ENERGISA MT
2903276,COELBA
2309607,COELCE
5107040,ENERGISA MT
3147907,CEMIG DISTRIB
2700300,CEAL
3513108,CPFL PAULISTA
1506500,CELPA
1722107,ENERGISA TO
2403251,COSERN
4209003,CELESC DIST
4202305,CELESC DIST
4300604,CEEE DISTRIB
5007109,ENERGISA MS
2502508,ENERGISA PB
2903201,COELBA
3305802,AMPLA
3541307,ENERGISA SS
4313300,CEEE TRANSMISSAO
3305554,LIGHT
4205803,CELESC DIST
4127965,COPEL DISTRIB
5203302,CELG
3138203,CEMIG DISTRIB
5002407,ENERGISA MS
2503209,ENERGISA PB
5001003,ENERGISA MS
1501501,CELPA
3527108,CPFL PAULISTA
4100400,COPEL DISTRIB
2929305,COELBA
4112801,COPEL DISTRIB
1100122,ENERGISA RO
4320206,RGE SUL
3507100,ELEKTRO
3172004,ENERGISA MR
2918001,COELBA
4302352,RGE SUL
2803500,ENERGISA SE
3110509,ENERGISA SS
3542206,ENERGISA SS
3513702,CPFL PAULISTA
3164605,CEMIG DISTRIB
3116605,CEMIG DISTRIB
4216909,CELESC DIST
4318903,RGE SUL
3510500,BANDEIRANTE
3530508,CPFL JAGUARI
2928703,COELBA
3204104,ESCELSA
4207304,CELESC DIST
4211009,CELESC DIST
3114006,CEMIG DISTRIB
3548005,ELEKTRO
2908200,COELBA
3137205,CEMIG DISTRIB
1100304,ENERGISA RO
4114807,COPEL DISTRIB
4110607,COPEL DISTRIB
5102637,ENERGISA MT
4124806,COPEL DISTRIB
3524303,CPFL PAULISTA
5004601,ENERGISA MS
4117701,COPEL DISTRIB
4111803,CPFL JAGUARI
3117603,CEMIG DISTRIB
3140902,ENERGISA MR
4205308,CELESC DIST
5106257,ENERGISA MT
3549409,CPFL PAULISTA
4306809,RGE SUL
3537305,CPFL PAULISTA
3556305,CPFL PAULISTA
4307807,RGE SUL
1508407,CELPA
3516408,ELEKTRO
4123501,COPEL DISTRIB
1700400,ENERGISA TO
2103307,CEMAR
4214003,CELESC DIST
3304144,LIGHT
3132404,CEMIG DISTRIB
1100288,ENERGISA RO
3201407,ESCELSA
5001904,ENERGISA MS
3300704,AMPLA
5000203,ENERGISA MS
3162922,CEMIG DISTRIB
3503802,ELEKTRO
5205901,CELG
3516309,ELEKTRO
4215505,CELESC DIST
5103205,ENERGISA MT
2401008,COSERN
4110706,COPEL DISTRIB
3517505,CPFL PAULISTA
4217402,CELESC DIST
4319901,RGE SUL
4319505,RGE SUL
3539301,ELEKTRO
4122305,CELESC DIST
5101704,ENERGISA MT
5213087,CELG
4208104,CELESC DIST
2609402,CELPE
3510005,ENERGISA SS
3303401,ENERGISA MR
1502202,CELPA
3204906,ESCELSA
4216503,CELESC DIST
5101803,ENERGISA MT
5214002,CELG
4304408,RGE SUL
1100023,ENERGISA RO
4124509,COPEL DISTRIB
3155702,CEMIG GERACAO
2901353,COELBA
4110953,COPEL DISTRIB
3534708,CPFL JAGUARI
5002100,ENERGISA MS
4111209,COPEL DISTRIB
5006200,ENERGISA MS
4208807,CELESC DIST
4322400,RGE SUL
5206206,CELG
1500347,CELPA
4300802,RGE SUL
2606101,CELPE
2109007,CEMAR
2211209,CEPISA
3530300,CPFL PAULISTA
1718204,ENERGISA TO
3516853,CPFL PAULISTA
2706901,CEAL
4322806,RGE SUL
3147709,CEMIG DISTRIB
4320404,RGE SUL
3148103,CEMIG DISTRIB
3144508,CEMIG DISTRIB
3555000,ENERGISA SS
3533601,CPFL PAULISTA
4202859,CELESC DIST
3302601,AMPLA
2606002,CELPE
3523602,ELEKTRO
4321956,CRERAL DIST
3536307,CPFL PAULISTA
4321451,CERTEL DIST
5214507,CELG
4309100,RGE SUL
4210001,CELESC DIST
4313508,CEEE DISTRIB
4302808,RGE SUL
2601102,CELPE
3128709,CEMIG DISTRIB
3553302,ELEKTRO
2613701,CELPE
4211504,CELESC DIST
3522901,CPFL PAULISTA
1716109,ENERGISA TO
4211603,CELESC DIST
4304358,CEEE DISTRIB
4306908,RGE SUL
3129806,CEMIG DISTRIB
4318200,RGE SUL
4209607,CELESC DIST
4210100,CELESC DIST
3200904,ESCELSA
2308708,COELCE
3158953,CEMIG DISTRIB
2805604,ENERGISA SE
4127205,COPEL DISTRIB
2914406,COELBA
3502507,BANDEIRANTE
4213708,CELESC DIST
4203709,CELESC DIST
4207700,CELESC DIST
5208004,CELG
4101101,COPEL DISTRIB
4213005,CELESC DIST
3506359,ELEKTRO
2908507,COELBA
3117876,CEMIG DISTRIB
3540804,CPFL PAULISTA
4105607,COPEL DISTRIB
4201406,CELESC DIST
3511607,ELEKTRO
4319000,RGE SUL
5218003,CELG
4318309,RGE SUL
5106372,ENERGISA MT
4314803,RGE SUL
5213806,CELG
3500303,ELEKTRO
3505906,CPFL PAULISTA
3537503,ELEKTRO
5103353,ENERGISA MT
5100250,ENERGISA MT
4105409,COPEL DISTRIB
2412005,COSERN
1709500,ENERGISA TO
3515202,ELEKTRO
2207702,CEPISA
3304508,CEMIG DISTRIB
4120903,COPEL DISTRIB
3509700,ELEKTRO
2600302,CELPE
2101400,CEMAR
4214201,CELESC DIST
4104006,COPEL DISTRIB
4125803,COPEL DISTRIB
4304903,RGE SUL
2112209,CEMAR
4118006,COPEL DISTRIB
2931350,COELBA
3147402,CEMIG DISTRIB
5220405,CELG
4106605,COPEL DISTRIB
4218350,CELESC DIST
4126504,COPEL DISTRIB
4317608,CEEE DISTRIB
5214408,CELG
4320107,RGE SUL
4314050,RGE SUL
4110102,COPEL DISTRIB
4219101,CELESC DIST
2504603,ENERGISA PB
4306767,CEEE DISTRIB
4300406,RGE SUL
5007208,ENERGISA MS
4125704,COPEL DISTRIB
3119401,CEMIG DISTRIB
1100049,ENERGISA RO
3506508,CPFL PAULISTA
4312617,RGE SUL
3156908,CEMIG DISTRIB
2303501,COELCE
4321907,RGE SUL
3120904,CEMIG DISTRIB
2602308,CELPE
4316600,CRERAL DIST
5108857,ENERGISA MT
2306256,COELCE
2307007,COELCE
3306107,LIGHT
4312658,COPREL COOPERATIVA
3202405,ESCELSA
2932903,COELBA
3504008,ENERGISA SS
2804904,ENERGISA SE
2311405,COELCE
3147600,CEMIG DISTRIB
3546603,ELEKTRO
4203204,CELESC DIST
2301901,COELCE
1100189,ENERGISA RO
4213500,CELESC DIST
5215009,CELG
3506607,BANDEIRANTE
2404200,COSERN
3140704,CEMIG DISTRIB
3522703,CPFL PAULISTA
5209705,CELG
2804508,ENERGISA SE
3511409,CPFL JAGUARI
3514304,CPFL PAULISTA
3102605,CEMIG DISTRIB
4311304,RGE SUL
4102901,COPEL DISTRIB
3302858,LIGHT
4104501,COPEL DISTRIB
2309706,COELCE
3302700,AMPLA
5101258,ENERGISA MT
3302205,AMPLA
3128303,CEMIG DISTRIB
3110608,ENERGISA SS
3137601,CEMIG DISTRIB
4108601,COPEL DISTRIB
4203303,CELESC DIST
2925303,COELBA
4313201,RGE SUL
4320800,RGE SUL
5106307,ENERGISA MT
2907608,COELBA
1507458,CELPA
1506138,CELPA
4105300,COPEL DISTRIB
2304202,COELCE
3522109,CEDRI
4217808,CELESC DIST
1703867,ENERGISA TO
2604007,CELPE
5200308,CELG
3119955,CEMIG DISTRIB
5209952,CELG
4310801,RGE SUL
2111201,CEMAR
2307700,COELCE
3554805,BANDEIRANTE
5204508,CELG
4306403,RGE SUL
5106422,ENERGISA MT
5100409,ENERGISA MT
3539202,ELEKTRO
4208005,CELESC DIST
5100102,ENERGISA MT
2605202,CELPE
2603454,CELPE
4308508,RGE SUL
3305208,AMPLA
3525102,CPFL PAULISTA
3509601,CPFL PIRATINGA
3127602,CEMIG DISTRIB
3517604,ELEKTRO
2903607,COELBA
2506301,ENERGISA PB
4212502,CELESC DIST
4312807,RGE SUL
5105606,ENERGISA MT
4103040,COPEL DISTRIB
3200706,ESCELSA
3129509,CEMIG DISTRIB
3521002,CPFL PIRATINGA
3507902,CPFL PAULISTA
3134400,CEMIG DISTRIB
4116703,COPEL DISTRIB
3524808,ELEKTRO
3516705,CPFL PAULISTA
2306405,COELCE
4301651,CERTEL DIST
4315701,RGE SUL
3133501,CEMIG DISTRIB
2103000,CEMAR
3156304,ENERGISA MR
3502002,ELEKTRO
3104106,CPFL JAGUARI
4314134,RGE SUL
2609501,CELPE
3506300,CPFL JAGUARI
5105622,ENERGISA MT
4307609,RGE SUL
4307559,RGE SUL
5221858,CELG
3107406,CEMIG DISTRIB
3142205,ENERGISA MR
3148707,CEMIG DISTRIB
4322251,RGE SUL
4120101,COPEL DISTRIB
4310363,RGE SUL
5107875,ENERGISA MT
3524501,CPFL PAULISTA
3130200,CEMIG DISTRIB
3525706,CPFL PAULISTA
3521408,ELEKTRO
3302270,LIGHT
2407104,COSERN
4113304,COPEL DISTRIB
3504503,CPFL JAGUARI
2301109,COELCE
4312906,RGE SUL
3110004,CEMIG DISTRIB
3528502,ELEKTRO
3300803,AMPLA
5102504,ENERGISA MT
5103106,ENERGISA MT
2909307,COELBA
3169406,CEMIG DISTRIB
4206900,CELESC DIST
2407203,COSERN
2510808,ENERGISA PB
5208608,CELG
4122602,COPEL DISTRIB
5007505,ENERGISA MS
4204509,CELESC DIST
5006606,ENERGISA MS
3519055,CEMIRIM D
3111200,CEMIG DISTRIB
4200101,CELESC DIST
1504422,CELPA
3162104,CEMIG DISTRIB
4109708,COPEL DISTRIB
4306205,RGE SUL
4201208,CELESC DIST
4110409,COPEL DISTRIB
4312302,RGE SUL
3535507,ENERGISA SS
3547502,ELEKTRO
2804409,ENERGISA SE
1700301,ENERGISA TO
3145208,CEMIG DISTRIB
2503704,ENERGISA PB
2912806,COELBA
2805901,ENERGISA SE
2702306,CEAL
3521101,ELEKTRO
3502903,CPFL PIRATINGA
2924009,COELBA
5210000,CELG
3135100,CEMIG DISTRIB
3517406,CPFL PAULISTA
2933208,COELBA
3540002,CPFL PAULISTA
2806008,ENERGISA SE
1100098,ENERGISA RO
4208302,CELESC DIST
2307601,COELCE
4119509,COPEL DISTRIB
4204707,CELESC DIST
4104428,COPEL DISTRIB
4121406,COPEL DISTRIB
3515509,ELEKTRO
3527009,CPFL PAULISTA
4308102,RGE SUL
3114501,CEMIG DISTRIB
4208500,CELESC DIST
1702406,ENERGISA TO
4108809,COPEL DISTRIB
4214706,CELESC DIST
3172103,CEMIG DISTRIB
4126603,COPEL DISTRIB
1502772,CELPA
1100320,ENERGISA RO
3136306,CEMIG DISTRIB
4105904,COPEL DISTRIB
1506708,CELPA
2611309,CELPE
3103009,CEMIG DISTRIB
4109658,COPEL DISTRIB
4309654,CEEE DISTRIB
3168606,CEMIG DISTRIB
2609808,CELPE
3138401,ENERGISA MR
4115358,COPEL DISTRIB
3126109,CEMIG DISTRIB
4306601,CEEE DISTRIB
3519600,CPFL PAULISTA
4117503,COPEL DISTRIB
3514106,CPFL PAULISTA
5107701,ENERGISA MT
3555406,ELEKTRO
3546207,ELEKTRO
3517208,CPFL PAULISTA
3525854,ELEKTRO
5203906,CELG
3139409,ENERGISA MR
3553708,CPFL PAULISTA
4112405,COPEL DISTRIB
2613909,CELPE
3556404,ELEKTRO
5217609,CELG
3203908,ESCELSA
5205513,CELG
4114302,COPEL DISTRIB
4102406,COPEL DISTRIB
3302502,AMPLA
3505203,CPFL PAULISTA
2203909,CEPISA
4209409,CELESC DIST
3162500,CEMIG DISTRIB
3515103,ELETROPAULO
2803203,ENERGISA SE
3518602,CPFL PAULISTA
4214409,CELESC DIST
4124020,COPEL DISTRIB
4204004,CELESC DIST
3544103,ELETROPAULO
4206603,CELESC DIST
4310108,RGE SUL
3123601,CEMIG DISTRIB
5003751,ENERGISA MS
4207684,CELESC DIST
4315149,RGE SUL
5218789,CELG
3542107,CPFL PAULISTA
4212809,CELESC DIST
3542602,ELEKTRO
3304524,AMPLA
4216305,CELESC DIST
4316501,CERTEL DIST
4321204,RGE SUL
3520103,CPFL PAULISTA
4115754,COPEL DISTRIB
4112108,COPEL DISTRIB
4215703,CELESC DIST
4117107,COPEL DISTRIB
3152808,CEMIG DISTRIB
2400208,COSERN
2603009,CELPE
3134004,CEMIG DISTRIB
2602100,CELPE
4122701,COPEL DISTRIB
4123808,COPEL DISTRIB
4128534,COPEL DISTRIB
4210605,CELESC DIST
1100148,ENERGISA RO
5222302,CELG
5006309,ENERGISA MS
2502151,ENERGISA PB
3523206,ELEKTRO
3532207,ELEKTRO
4106308,COPEL DISTRIB
2932606,COELBA
4318408,CEEE DISTRIB
2614105,CELPE
2516201,ENERGISA PB
2208007,CEPISA
2910701,COELBA
5105101,ENERGISA MT
3514601,CPFL PAULISTA
1301902,AMAZONAS ENERG
3139003,CEMIG DISTRIB
4113502,COPEL DISTRIB
3532801,CERRP ACL
4126256,COPEL DISTRIB
1100924,ENERGISA RO
1506583,CELPA
3537602,ELEKTRO
2609907,CELPE
3521903,ENERGISA SS
3119302,CEMIG DISTRIB
3170404,CEMIG DISTRIB
4119806,COPEL DISTRIB
3552106,CPFL PAULISTA
4110508,COPEL DISTRIB
2307403,COELCE
5000708,ENERGISA MS
3511300,CPFL PAULISTA
2101251,CEMAR
3205010,ESCELSA
4204350,CELESC DIST
3303203,LIGHT
3510807,CPFL JAGUARI
3164704,CEMIG DISTRIB
1506161,CELPA
4126702,COPEL DISTRIB
5105507,ENERGISA MT
4201901,CELESC DIST
5002902,ENERGISA MS
3144300,CEMIG DISTRIB
3515186,CPFL PAULISTA
4113601,COPEL DISTRIB
2302206,COELCE
2603702,CELPE
4207577,CELESC DIST
2914703,COELBA
4209177,CELESC DIST
4124400,COPEL DISTRIB
3205036,ESCELSA
5006002,ENERGISA MS
4313706,RGE SUL
1720903,ENERGISA TO
5107065,ENERGISA MT
2807105,ENERGISA SE
3143906,ENERGISA MR
2806701,ENERGISA SE
3538105,CPFL PAULISTA
2311801,COELCE
4302402,RGE SUL
4321600,CEEE DISTRIB
4313060,RGE SUL
2513901,ENERGISA PB
4111258,COPEL DISTRIB
4200408,CELESC DIST
2707701,CEAL
5002001,ENERGISA MS
5220108,CELG
3113404,CEMIG DISTRIB
4127957,COPEL DISTRIB
5106505,ENERGISA MT
4321709,RGE SUL
2919926,COELBA
3514908,CPFL PAULISTA
4112751,COPEL DISTRIB
3102902,CEMIG DISTRIB
4312252,CEEE DISTRIB
3530409,CPFL PAULISTA
3157104,CEMIG DISTRIB
3306206,LIGHT
3539004,CPFL PAULISTA
3152600,CEMIG DISTRIB
3124104,CEMIG DISTRIB
5219258,CELG
3152709,CEMIG DISTRIB
5106109,ENERGISA MT
5005681,ENERGISA MS
2916856,COELBA
4311627,RGE SUL
2920007,COELBA
3505807,ENERGISA SS
4212205,CELESC DIST
4218608,CELESC DIST
1711902,ENERGISA TO
4103602,COPEL DISTRIB
5004304,ENERGISA MS
5004502,ENERGISA MS
4309407,RGE SUL
4123857,COPEL DISTRIB
4304663,CEEE DISTRIB
4108502,COPEL DISTRIB
3519501,ENERGISA SS
2928802,COELBA
5219308,CELG
3159605,CEMIG DISTRIB
2931707,COELBA
3550704,BANDEIRANTE
4201273,CELESC DIST
3147204,CEMIG DISTRIB
2401107,COSERN
2513927,ENERGISA PB
3542701,CPFL PAULISTA
4300109,RGE SUL
3109709,CEMIG DISTRIB
3111804,CEMIG DISTRIB
3517703,CPFL PAULISTA
3162005,CEMIG DISTRIB
5100201,ENERGISA MT
5102702,ENERGISA MT
5005400,ENERGISA MS
4315800,RGE SUL
3550407,CPFL PAULISTA
1507607,CELPA
4107538,COPEL DISTRIB
3148905,CEMIG DISTRIB
3524105,CPFL PAULISTA
2914604,COELBA
4317301,CEEE DISTRIB
4201257,CELESC DIST
2610905,CELPE
3550506,CPFL JAGUARI
3509403,CPFL PAULISTA
3552700,CPFL PAULISTA
3203346,ESCELSA
3123403,CEMIG DISTRIB
4205704,CELESC DIST
1508001,CELPA
3540754,BANDEIRANTE
2511202,ENERGISA PB
4206009,CELESC DIST
3155504,CEMIG DISTRIB
1721208,ENERGISA TO
3144003,CEMIG DISTRIB
2932507,COELBA
4317103,RGE SUL
5208806,CELG
1507003,CELPA
2610400,CELPE
4314159,CERTAJA
4308904,RGE SUL
4207106,CELESC DIST
4318804,CEEE DISTRIB
5215603,CELG
5209101,CELG
4212403,CELESC DIST
3109303,CEMIG DISTRIB
3103405,CEMIG DISTRIB
2311306,COELCE
3539509,CPFL PAULISTA
3524907,CEDRAP
3551108,CPFL JAGUARI
2103752,CEMAR
3153608,CEMIG DISTRIB
1502939,CELPA
3539905,CPFL PAULISTA
4319604,RGE SUL
4323309,RGE SUL
2612505,CELPE
4311205,RGE SUL
4126801,COPEL DISTRIB
2414605,COSERN
5217203,CELG
3300233,AMPLA
2601904,CELPE
5204854,CELG
4105706,COPEL DISTRIB
2404309,COSERN
4103107,COPEL DISTRIB
4124053,COPEL DISTRIB
4304630,CEEE DISTRIB
3500501,CPFL PAULISTA
4215406,CELESC DIST
4101002,COPEL DISTRIB
4304671,CEEE DISTRIB
3550100,CPFL PAULISTA
1716505,ENERGISA TO
4200200,CELESC DIST
4107405,COPEL DISTRIB
2930105,COELBA
1500503,CELPA
1501451,CELPA
3538600,ELEKTRO
2602209,CELPE
4120507,COPEL DISTRIB
4309001,RGE SUL
2101202,CEMAR
4127403,COPEL DISTRIB
5104807,ENERGISA MT
1500107,CELPA
4322202,RGE SUL
4312476,RGE SUL
2310258,COELCE
3138807,CEMIG DISTRIB
3102308,CEMIG DISTRIB
2600906,CELPE
1714880,ENERGISA TO
4301958,RGE SUL
4204103,CELESC DIST
2910503,COELBA
4313037,RGE SUL
4119707,COPEL DISTRIB
2105401,CEMAR
3521150,CPFL PAULISTA
2612208,CELPE
2904902,COELBA
3544905,CPFL PAULISTA
3133600,ENERGISA SS
5216403,CELG
2109908,CEMAR
4313656,CEEE DISTRIB
4321501,CEEE DISTRIB
4212239,CELESC DIST
3303708,LIGHT
4122008,COPEL DISTRIB
3133105,CEMIG DISTRIB
3304300,AMPLA
3132206,CEMIG DISTRIB
4307500,RGE SUL
4101903,COPEL DISTRIB
4304200,RGE SUL
3154408,CEMIG DISTRIB
2614501,CELPE
3514403,ELEKTRO
4315503,NOVA PALMA
3532405,ELEKTRO
3202207,ESCELSA
4123402,COPEL DISTRIB
4308706,RGE SUL
4121802,CPFL JAGUARI
3103801,CEMIG DISTRIB
2605707,CELPE
4317400,RGE SUL
2403608,COSERN
3531100,ELEKTRO
3553807,CERIPA ACL
3150604,CEMIG DISTRIB
3143807,ENERGISA SS
4303608,RGE SUL
5002209,ENERGISA MS
3145604,CEMIG DISTRIB
4210308,CELESC DIST
3204658,ELFSM
4211058,CELESC DIST
3531902,CPFL PAULISTA
3139706,CEMIG DISTRIB
4213302,CELESC DIST
4300471,ELETROCAR
4314506,CEEE DISTRIB
5215306,CELG
5008008,ENERGISA MS
4323408,RGE SUL
3530904,CPFL PAULISTA
3204401,ESCELSA
3533007,CPFL PAULISTA
2409902,COSERN
4103222,COPEL DISTRIB
3104601,ENERGISA MR
4116901,COPEL DISTRIB
3506904,CPFL PAULISTA
4318481,RGE SUL
3540200,CPFL PAULISTA
2501807,ENERGISA PB
4114104,COPEL DISTRIB
4216255,CELESC DIST
3203403,ESCELSA
2913705,COELBA
5218300,CELG
3508603,BANDEIRANTE
3302106,AMPLA
3305752,AMPLA
4128609,COPEL DISTRIB
3147303,CEMIG DISTRIB
3171303,CEMIG DISTRIB
3530102,ELEKTRO
3301306,AMPLA
1200104,ENERGISA AC
5208301,CELG
3305505,AMPLA
3114204,CEMIG DISTRIB
2908606,COELBA
5213756,CELG
2800605,ENERGISA SE
2922003,COELBA
3303609,LIGHT
2412203,COSERN
2408201,COSERN
2601201,CELPE
3536109,CPFL PAULISTA
4217600,JOAOCESA
3109907,CEMIG DISTRIB
2300150,COELCE
2610608,CELPE
4119608,COPEL DISTRIB
2610004,CELPE
3526209,ELETROPAULO
3553401,CPFL PAULISTA
2906873,COELBA
4103800,COPEL DISTRIB
3500550,CPFL JAGUARI
2803104,ENERGISA SE
4302253,RGE SUL
4323804,CEEE DISTRIB
4203956,CELESC DIST
4316709,COPREL COOPERATIVA
5218508,CELG
1506203,CELPA
1101104,ENERGISA RO
4317905,COOPERLUZ DIST
1506351,CELPA
4309555,RGE SUL
2608909,CELPE
3122355,CEMIG DISTRIB
2928505,COELBA
3163706,CEMIG DISTRIB
2923407,COELBA
2915353,COELBA
4109906,COPEL DISTRIB
3542404,ENERGISA SS
4116208,COPEL DISTRIB
1600105,CEA
4210035,CELESC DIST
5218607,CHESP DIST
2305506,COELCE
2507200,ENERGISA PB
4109609,COPEL DISTRIB
2405306,COSERN
4101705,COPEL DISTRIB
4305306,ELETROCAR
4312955,RGE SUL
4102109,COPEL DISTRIB
3537800,ELEKTRO
3511706,CPFL PAULISTA
3113701,CEMIG DISTRIB
2406106,COSERN
1507953,CELPA
3203130,ESCELSA
1500602,CELPA
2611804,CELPE
4301909,CEEE DISTRIB
1200450,ENERGISA AC
2930501,COELBA
2610806,CELPE
3103207,CEMIG DISTRIB
2804300,ENERGISA SE
2402006,COSERN
3201902,ESCELSA
3528601,CPFL JAGUARI
3532827,ELEKTRO
3519303,CPFL PAULISTA
2925253,COELBA
3128006,CEMIG DISTRIB
1507300,CELPA
4127502,COPEL DISTRIB
3534609,ENERGISA SS
3551603,CPFL PAULISTA
4321105,CEEE DISTRIB
2606408,CELPE
3105400,CEMIG DISTRIB
4309506,RGE SUL
4126207,COPEL DISTRIB
3512001,CPFL PAULISTA
3143104,CEMIG DISTRIB
2800100,ENERGISA SE
5208400,CELG
3203502,ESCELSA
4302709,CEEE DISTRIB
4314001,RGE SUL
1501709,CELPA
4212056,CELESC DIST
4125555,COPEL DISTRIB
2907806,COELBA
4215109,CELESC DIST
4120853,COPEL DISTRIB
2703601,CEAL
1703842,ENERGISA TO
3556107,ELEKTRO
3539103,ELETROPAULO
2907301,COELBA
2908408,COELBA
2313609,COELCE
5204003,CELG
2302800,COELCE
2705507,CEAL
4316402,RGE SUL
4203501,CELESC DIST
4201703,CELESC DIST
5001102,ENERGISA MS
5204409,CELG
1506187,CELPA
3550902,CPFL PAULISTA
4216354,CELESC DIST
3520004,CPFL PAULISTA
4209508,CELESC DIST
4206702,CELESC DIST
4320305,COPREL COOPERATIVA
4306700,NOVA PALMA
4124905,COPEL DISTRIB
2200400,CEPISA
4322301,RGE SUL
2312601,COELCE
5213707,CELG
4322707,RGE SUL
4106001,COPEL DISTRIB
2408904,COSERN
2304350,COELCE
3303856,LIGHT
1503408,CELPA
2403806,COSERN
4124103,COPEL DISTRIB
2407807,COSERN
3155801,ENERGISA MR
2508901,ENERGISA PB
3534203,ELEKTRO
4123006,COPEL DISTRIB
2603603,CELPE
5105176,ENERGISA MT
2920205,COELBA
3118809,CEMIG DISTRIB
5002951,ENERGISA MS
3151503,CEMIG DISTRIB
5221601,CELG
4128500,COPEL DISTRIB
3154309,CEMIG DISTRIB
5208905,AXIA SUDESTE - UHE FURNAS
2704500,CEAL
1708205,ENERGISA TO
3507159,ELEKTRO
1706506,ENERGISA TO
5221551,CELG
5216452,TER
4100905,COPEL DISTRIB
4217709,CELESC DIST
5003256,ENERGISA MS
4202537,DCELT
2109106,CEMAR
5005608,ENERGISA MS
3159803,CEMIG DISTRIB
4320354,CEEE DISTRIB
4100509,COPEL DISTRIB
2912905,COELBA
4112702,COPEL DISTRIB
4118907,COPEL DISTRIB
2208403,CEPISA
3553955,ENERGISA SS
4303558,RGE SUL
4321006,RGE SUL
3512100,CPFL PAULISTA
3501152,CPFL PIRATINGA
3556909,CPFL PAULISTA
1301852,AMAZONAS ENERG
2602407,CELPE
2304103,COELCE
2104552,CEMAR
2927200,COELBA
3532504,CPFL PAULISTA
1714203,ENERGISA TO
1508100,CELPA
2310209,COELCE
3120805,CEMIG DISTRIB
4107256,COPEL DISTRIB
1700707,ENERGISA TO
2912400,COELBA
3135001,CEMIG DISTRIB
3164001,CEMIG DISTRIB
4108007,COPEL DISTRIB
3519204,ENERGISA SS
4209904,CELESC DIST
2101707,CEMAR
2615300,CELPE
2608701,CELPE
2313302,COELCE
3161809,CEMIG DISTRIB
4128625,COPEL DISTRIB
2312205,COELCE
3204203,ESCELSA
3115359,CEMIG DISTRIB
4310330,CEEE DISTRIB
5100607,TER
3506805,CPFL PAULISTA
4120606,COPEL DISTRIB
4103206,COPEL DISTRIB
2609105,CELPE
3525508,ELEKTRO
5102686,ENERGISA MT
3500105,ENERGISA SS
2902906,COELBA
4126678,COPEL DISTRIB
3521705,ELEKTRO
3303807,AMPLA
3551504,CPFL PAULISTA
4123956,COPEL DISTRIB
5004007,ENERGISA MS
4202453,CELESC DIST
4316006,RGE SUL
4319406,RGE SUL
4215307,CELESC DIST
3303005,AMPLA
2313500,COELCE
4110805,COPEL DISTRIB
4115309,COPEL DISTRIB
3200805,ESCELSA
4114401,COPEL DISTRIB
4105003,COPEL DISTRIB
2414407,COSERN
3164407,CEMIG DISTRIB
4317806,RGE SUL
5106240,ENERGISA MT
2911709,COELBA
2107506,CEMAR
4312104,RGE SUL
2616308,CELPE
3530201,ELEKTRO
2803005,SULGIPE
5204300,CTE T
3168903,CEMIG DISTRIB
4106571,COPEL DISTRIB
4300877,RGE SUL
5201504,ENERGISA MS
5108006,ENERGISA MT
3503703,CPFL PAULISTA
4210803,CERSUL
3528809,ENERGISA SS
3538808,CPFL JAGUARI
2927309,COELBA
4121703,COPEL DISTRIB
3529500,ENERGISA SS
4314605,CEEE DISTRIB
5104526,ENERGISA MT
3300951,LIGHT
2405801,COSERN
1600600,CEA
2707909,CEAL
4304689,RGE SUL
4210852,CELESC DIST
3510203,ELEKTRO
2401404,COSERN
2105153,CEMAR
3545159,CPFL PAULISTA
5200134,CELG
2916302,AXIA NORDESTE
1100254,ENERGISA RO
2605103,CELPE
2905909,COELBA
2802403,ENERGISA SE
4312609,RGE SUL
3552551,ELEKTRO
5209200,CELG
4304002,RGE SUL
2112001,CEMAR
4106209,COPEL DISTRIB
5004700,BTE T
2703205,CEAL
3302056,AMPLA
2915601,COELBA
3543600,CPFL PAULISTA
2613107,CELPE
3515608,CPFL PAULISTA
2211100,CEPISA
4114708,COPEL DISTRIB
2702405,CEAL
2800506,ENERGISA SE
2903102,COELBA
3305703,ENERGISA MR
4126272,COPEL DISTRIB
3512209,ELEKTRO
4316204,RGE SUL
3142601,CEMIG DISTRIB
4211652,CELESC DIST
3522000,CPFL PAULISTA
3300258,AMPLA
3555802,ELEKTRO
4314704,RGE SUL
3140506,CEMIG DISTRIB
3513850,ELEKTRO
3554300,ELEKTRO
3520905,CPFL JAGUARI
3519006,CPFL PAULISTA
2801108,ENERGISA SE
3541208,ELEKTRO
5200175,CELG
2904852,COELBA
3511003,ELEKTRO
4216057,CELESC DIST
2310803,COELCE
5220603,CELG
5219902,CELG
2608503,CELPE
2404408,COSERN
3103751,CEMIG DISTRIB
1503309,CELPA
2108603,CEMAR
2909802,COELBA
4319125,RGE SUL
4123303,COPEL DISTRIB
3204955,ELFSM
3537404,ELEKTRO
3151404,CEMIG DISTRIB
3546306,ELEKTRO
3303955,LIGHT
4103503,COPEL DISTRIB
2405603,COSERN
1505031,CELPA
2312700,COELCE
2910602,COELBA
2608800,CELPE
4205456,COOPERA
3302908,LIGHT
4104600,COPEL DISTRIB
3519402,CPFL PAULISTA
5108055,ENERGISA MT
5007703,ENERGISA MS
2501906,ENERGISA PB
3507308,CPFL PAULISTA
3124500,ENERGISA SS
2500403,ENERGISA PB
4308409,RGE SUL
3157708,CEMIG DISTRIB
3517802,ELEKTRO
4107736,COPEL DISTRIB
1302504,AMAZONAS ENERG
4202057,CELESC DIST
3104700,CEMIG DISTRIB
2411205,COSERN
4309803,COPREL COOPERATIVA
3100104,CEMIG DISTRIB
3501301,ENERGISA SS
4121000,COPEL DISTRIB
2515302,ENERGISA PB
3202801,ESCELSA
2933174,COELBA
4111506,COPEL DISTRIB
3543709,CPFL PAULISTA
2922508,COELBA
2414159,COSERN
3535804,CERIPA ACL
2908101,COELBA
4205100,CELESC DIST
3304409,LIGHT
3506706,CPFL PAULISTA
4309605,RGE SUL
3531407,CPFL PAULISTA
5205497,CELG
4311007,CEEE DISTRIB
4116059,COPEL DISTRIB
4115408,COPEL DISTRIB
4310439,RGE SUL
5104104,ENERGISA MT
2922904,COELBA
4306007,RGE SUL
3107109,CEMIG DISTRIB
1703008,ENERGISA TO
5108501,ENERGISA MT
3536208,ELEKTRO
5103858,ENERGISA MT
2700508,CEAL
4305702,HIDROPAN
2601409,CELPE
4128708,COPEL DISTRIB
3101508,ENERGISA MR
4319711,CERFOX DIST
3508801,CPFL PAULISTA
4312351,RGE SUL
4113007,COPEL DISTRIB
2806206,ENERGISA SE
3521309,CPFL PAULISTA
1705508,ENERGISA TO
2308005,COELCE
5211404,CELG
3533809,CPFL JAGUARI
4210407,CELESC DIST
3205069,ESCELSA
2102325,CEMAR
3529906,ELEKTRO
5003801,ENERGISA MS
2928109,COELBA
3304805,AMPLA
4127304,COPEL DISTRIB
2700904,CEAL
4126108,COPEL DISTRIB
5215231,CELG
3200409,ESCELSA
2103208,CEMAR
2202208,CEPISA
3514007,CPFL PAULISTA
5106216,ENERGISA MT
4119954,COPEL DISTRIB
2905206,COELBA
2313906,COELCE
5007554,ELEKTRO
3203320,ESCELSA
4300703,RGE SUL
2801207,ENERGISA SE
4119301,COPEL DISTRIB
5102793,ENERGISA MT
3512308,ELEKTRO
4323358,COPREL COOPERATIVA
4115903,COPEL DISTRIB
4118105,COPEL DISTRIB
4305959,RGE SUL
2109601,CEMAR
3202256,ELFSM
2508604,ENERGISA PB
4124608,COPEL DISTRIB
3534005,CPFL PAULISTA
4117206,COPEL DISTRIB
4312153,RGE SUL
1502707,CELPA
3158003,CEMIG DISTRIB
3537156,ENERGISA SS
2508802,ENERGISA PB
3123007,CEMIG DISTRIB
3508009,ELEKTRO
4311601,RGE SUL
1715705,ENERGISA TO
4212007,CELESC DIST
3302452,AMPLA
4216107,CELESC DIST
2410405,COSERN
2500809,ENERGISA PB
3152006,CEMIG DISTRIB
5217104,CELG
3502606,ELEKTRO
3545506,ELEKTRO
5212303,CELG
3135209,CEMIG DISTRIB
3143203,CPFL JAGUARI
3140803,CEMIG DISTRIB
3300225,AMPLA
4126355,COPEL DISTRIB
4102802,COPEL DISTRIB
5219753,CELG
5004106,ENERGISA MS
3100906,CEMIG DISTRIB
5006259,ENERGISA MS
4127882,COPEL DISTRIB
5107859,ENERGISA MT
5107305,ENERGISA MT
4301107,CEEE DISTRIB
2314003,COELCE
4319158,CERMISSOES
2506806,ENERGISA PB
3541505,ENERGISA SS
3169604,CEMIG DISTRIB
2410256,COSERN
4215752,CELESC DIST
4114005,COPEL DISTRIB
2928901,COELBA
4115705,COPEL DISTRIB
3137502,CEMIG DISTRIB
3301876,AMPLA
2104057,CEMAR
4105201,COPEL DISTRIB
2313807,COELCE
3133402,CEMIG DISTRIB
4107603,COPEL DISTRIB
1504703,CELPA
2901809,COELBA
5004908,ENERGISA MS
3136553,CEMIG DISTRIB
5105580,ENERGISA MT
4302303,RGE SUL
2614204,CELPE
4321402,RGE SUL
2910859,COELBA
4322541,RGE SUL
4300901,RGE SUL
4214151,CELESC DIST
5211800,CELG
1502756,CELPA
4313359,RGE SUL
3541901,ELEKTRO
2907202,COELBA
3138609,CEMIG DISTRIB
4315305,RGE SUL
2924801,COELBA
2108207,CEMAR
3548054,CPFL PAULISTA
4117008,COPEL DISTRIB
4316758,CERTEL DIST
4207809,CELESC DIST
5107800,ENERGISA MT
3500402,ELEKTRO
5219704,CELG
3500808,ENERGISA SS
3532900,CPFL PAULISTA
2902104,COELBA
4208609,CELESC DIST
3163508,CEMIG DISTRIB
3117801,CEMIG DISTRIB
2101608,CEMAR
4307450,RGE SUL
3537909,ELEKTRO
4212270,CELESC DIST
4207759,CELESC DIST
2605400,CELPE
3204559,ESCELSA
5222005,CELG
4116950,COPEL DISTRIB
3105103,CEMIG DISTRIB
3526001,ELEKTRO
2109452,CEMAR
4305454,CEEE DISTRIB
3201605,ESCELSA
2931400,COELBA
3524600,ELEKTRO
2510907,ENERGISA PB
2917607,COELBA
4306932,CERMISSOES
5107354,ENERGISA MT
2929602,COELBA
2414001,COSERN
5221197,CELG
4313953,CEEE DISTRIB
2512507,ENERGISA PB
2914901,COELBA
4206405,CELESC DIST
4110078,COPEL DISTRIB
5105150,ENERGISA MT
3510302,CPFL PIRATINGA
5200258,CELG
4200556,CELESC DIST
4204400,CELESC DIST
3520301,ELEKTRO
1100452,ENERGISA RO
3116407,CEMIG DISTRIB
4313334,CERILUZ DIST
2200806,CEPISA
3532058,CPFL PAULISTA
4323457,CELETRO
3553906,ELEKTRO
4300059,COPREL COOPERATIVA
2900405,COELBA
4318614,RGE SUL
3557303,ELEKTRO
4309258,RGE SUL
2409407,COSERN
3144607,CEMIG DISTRIB
3512506,CPFL PAULISTA
1508126,CELPA
2927705,COELBA
3140159,CEMIG DISTRIB
4314423,RGE SUL
3531506,CPFL PAULISTA
4307401,RGE SUL
2516300,ENERGISA PB
4302907,RGE SUL
4207650,CELESC DIST
2613008,CELPE
4308854,COPREL COOPERATIVA
2304954,COELCE
4312385,RGE SUL
4317707,CERMISSOES
1715002,ENERGISA TO
5204805,CELG
4318051,RGE SUL
4127858,COPEL DISTRIB
3200136,ESCELSA
4121901,COPEL DISTRIB
4321469,COPREL COOPERATIVA
1502905,CELPA
4314779,COPREL COOPERATIVA
3555356,CPFL PAULISTA
4314308,COPREL COOPERATIVA
4305207,CERMISSOES
4120408,COPEL DISTRIB
2310001,COELCE
2802304,ENERGISA SE
3527801,CPFL PAULISTA
3156205,ENERGISA MR
3539707,ENERGISA SS
4318507,CEEE DISTRIB
2706703,CEAL
4312708,RGE SUL
1709302,ENERGISA TO
4116109,COPEL DISTRIB
1718907,ENERGISA TO
3554409,CPFL PAULISTA
5001508,ENERGISA MS
2306553,COELCE
2301307,COELCE
3535408,ELEKTRO
4117305,COPEL DISTRIB
4202081,CELESC DIST
4108205,COPEL DISTRIB
4301636,CEEE DISTRIB
3201704,ESCELSA
2410306,COSERN
4313011,RGE SUL
2600104,CELPE
3146008,CEMIG DISTRIB
4310405,RGE SUL
3520806,ENERGISA SS
3507407,ENERGISA SS
2615607,CELPE
4107900,COPEL DISTRIB
2616183,CELPE
1503093,CELPA
2402600,COSERN
3122900,ENERGISA MR
2404853,COSERN
3112604,CEMIG DISTRIB
4305504,COPREL COOPERATIVA
2604601,CELPE
2700607,CEAL
3204351,ESCELSA
2918803,COELBA
1600808,CEA
1707652,ENERGISA TO
2931905,COELBA
2615409,CELPE
4304309,RGE SUL
3544509,ELEKTRO
3204054,ESCELSA
4126405,COPEL DISTRIB
2923605,COELBA
2303006,COELCE
3544301,BANDEIRANTE
4304507,CEEE DISTRIB
2916104,COELBA
5102694,ENERGISA MT
2516003,ENERGISA PB
4305603,COPREL COOPERATIVA
3554755,CPFL PAULISTA
3137809,CEMIG DISTRIB
2407708,COSERN
4321634,RGE SUL
2901007,COELBA
1707207,ENERGISA TO
2902401,COELBA
4212304,CERPALO ACL
3168002,CEMIG DISTRIB
4118303,COPEL DISTRIB
3520400,ELEKTRO
3529708,CPFL PAULISTA
3159209,CEMIG DISTRIB
3553856,ELEKTRO
5218391,CELG
4218251,CELESC DIST
2906907,COELBA
2611507,CELPE
3504909,ELEKTRO
1503804,CELPA
5103304,ENERGISA MT
5107180,ENERGISA MT
3163102,CEMIG DISTRIB
2612000,CELPE
5007802,ELEKTRO
4311155,RGE SUL
1713304,ENERGISA TO
4125001,COPEL DISTRIB
1507151,CELPA
3134103,CEMIG DISTRIB
2912103,COELBA
4109757,COPEL DISTRIB
5103601,ENERGISA MT
3546009,BANDEIRANTE
4313805,RGE SUL
5218904,CELG
2310852,COELCE
2709301,CEAL
3540259,ELEKTRO
4128401,COPEL DISTRIB
4313102,NOVA PALMA
3149903,CEMIG DISTRIB
5219100,CELG
1100106,ENERGISA RO
4311908,RGE SUL
5000856,ENERGISA MS
2112506,CEMAR
3131000,CEMIG DISTRIB
2805505,ENERGISA SE
2406700,COSERN
2706307,CEAL
4311429,RGE SUL
2200202,CEPISA
4305801,RGE SUL
4205357,CELESC DIST
4211108,CELESC DIST
2709152,CEAL
4303673,RGE SUL
3204708,ELFSM
5003454,ENERGISA MS
1100155,ENERGISA RO
2302503,COELCE
2103505,CEMAR
4310538,RGE SUL
5108600,ENERGISA MT
5209408,CELG
2101509,CEMAR
2114007,CEMAR
4126009,COPEL DISTRIB
3300506,AMPLA
3158805,CEMIG DISTRIB
2906808,COELBA
4218905,CELESC DIST
3552304,ELEKTRO
1100064,ENERGISA RO
2925808,COELBA
5203609,CELG
5003306,ENERGISA MS
2301208,COELCE
3201001,ESCELSA
4118451,COPEL DISTRIB
3509957,BANDEIRANTE
4317004,RGE SUL
5106802,ENERGISA MT
2603207,CELPE
2921302,COELBA
3537008,CPFL PAULISTA
4100707,COPEL DISTRIB
3143005,CEMIG DISTRIB
4315354,COPREL COOPERATIVA
5222054,CELG
2205508,CEPISA
2112803,CEMAR
3169703,CEMIG DISTRIB
4127601,COPEL DISTRIB
2915502,COELBA
2110500,CEMAR
5106190,ENERGISA MT
2801306,ENERGISA SE
3142809,CEMIG DISTRIB
2411056,COSERN
2409803,COSERN
4125456,COPEL DISTRIB
4209151,CELESC DIST
2923001,COELBA
2110005,CEMAR
3301207,ENERGISA MR
4101200,COPEL DISTRIB
3154903,ENERGISA MR
4322103,RGE SUL
2109809,CEMAR
2103703,CEMAR
4107504,COPEL DISTRIB
4209706,CELESC DIST
2413904,COSERN
2412500,COSERN
3156106,CEMIG DISTRIB
3517307,CPFL PAULISTA
4216008,CELESC DIST
4205605,CELESC DIST
3531209,CPFL PAULISTA
4315750,RGE SUL
5205471,ENERGISA MS
3159407,CEMIG DISTRIB
4304655,RGE SUL
2607604,CELPE
3146909,CEMIG DISTRIB
3112703,CEMIG DISTRIB
2704203,CEAL
3509908,ELEKTRO
4302006,RGE SUL
4100806,COPEL DISTRIB
2311603,COELCE
1508209,CELPA
4123204,COPEL DISTRIB
4107009,COPEL DISTRIB
3109808,CEMIG DISTRIB
2104800,CEMAR
3517901,CPFL PAULISTA
3170057,CEMIG DISTRIB
2922052,COELBA
2929701,COELBA
3162906,ENERGISA MR
4111100,COPEL DISTRIB
2506905,ENERGISA PB
2607802,CELPE
5207253,CELG
4103909,COPEL DISTRIB
3159357,CEMIG DISTRIB
2926608,COELBA
4109302,COPEL DISTRIB
3505609,CPFL PAULISTA
4318499,RGE SUL
4318432,NOVA PALMA
3149952,CEMIG DISTRIB
1500206,CELPA
2313005,COELCE
4316105,RGE SUL
4127007,COPEL DISTRIB
3165305,CEMIG DISTRIB
2105427,CEMAR
3508207,CPFL PAULISTA
5200100,CELG
1503705,CELPA
3161502,ENERGISA MR
4312427,COPREL COOPERATIVA
2906204,COELBA
5205000,CHESP DIST
2914653,COELBA
3154705,CEMIG DISTRIB
2602001,CELPE
4117255,COPEL DISTRIB
2103406,CEMAR
3115508,CEMIG DISTRIB
4109005,COPEL DISTRIB
5101902,ENERGISA MT
4314076,RGE SUL
4109203,COPEL DISTRIB
4311775,CEEE DISTRIB
2103604,CEMAR
3115805,CEMIG DISTRIB
2202000,CEPISA
3119708,CEMIG DISTRIB
5005202,ENERGISA MS
4104253,COPEL DISTRIB
3141405,CEMIG DISTRIB
5212204,CELG
4214607,CELESC DIST
2501104,ENERGISA PB
3120409,CEMIG DISTRIB
5207501,CELG
3514957,CPFL PAULISTA
2507002,ENERGISA PB
5107768,ENERGISA MT
3545407,ENERGISA SS
3543808,ENERGISA SS
2310704,COELCE
2201903,CEPISA
3553203,CPFL PAULISTA
2112605,CEMAR
1600402,CEA
5106455,ENERGISA MT
2608453,CELPE
2504900,ENERGISA PB
3113008,CEMIG DISTRIB
3531001,ELEKTRO
2916500,COELBA
2516102,ENERGISA PB
4113734,COPEL DISTRIB
3149705,CEMIG DISTRIB
3101102,CEMIG DISTRIB
1712504,ENERGISA TO
1505106,CELPA
4307815,CELETRO
1707009,ENERGISA TO
4121208,COPEL DISTRIB
1303403,AMAZONAS ENERG
4320701,RGE SUL
5005103,ENERGISA MS
2615508,CELPE
2111508,CEMAR
2925105,COELBA
5218102,CELG
2414456,COSERN
3534757,ELEKTRO
4205209,CELESC DIST
4316956,RGE SUL
4302154,CRELUZ COOP
3110301,CEMIG DISTRIB
3519907,ENERGISA SS
3121258,CEMIG DISTRIB
4300570,RGE SUL
3523503,CPFL PAULISTA
5107248,ENERGISA MT
3551900,CPFL PAULISTA
2300200,COELCE
2501302,ENERGISA PB
2901403,COELBA
3556602,CPFL PAULISTA
3121407,CEMIG DISTRIB
3154804,CEMIG DISTRIB
4323200,RGE SUL
3554904,ELEKTRO
4302204,RGE SUL
3126307,CEMIG DISTRIB
3540507,ELEKTRO
5220504,CELG
4123907,COPEL DISTRIB
1722081,ENERGISA TO
2400109,COSERN
4302501,CERMISSOES
4313490,RGE SUL
4117453,COPEL DISTRIB
3202504,ESCELSA
2405207,COSERN
1716604,ENERGISA TO
4305900,RGE SUL
3543253,ELEKTRO
4314035,RGE SUL
2906857,COELBA
2209203,CEPISA
1500131,CELPA
3114105,CEMIG DISTRIB
3520442,ELEKTRO
5005004,ENERGISA MS
2203305,CEPISA
4103370,COPEL DISTRIB
4213104,CELESC DIST
3502309,ELEKTRO
5000609,ENERGISA MS
2612604,CELPE
4306734,RGE SUL
5106299,ENERGISA MT
1700350,ENERGISA TO
2313104,COELCE
1503044,CELPA
3519808,CPFL PAULISTA
4204152,CELESC DIST
2408300,COSERN
4304622,RGE SUL
2509909,ENERGISA PB
3538204,ENERGISA SS
4100608,COPEL DISTRIB
2931509,COELBA
1504802,CELPA
4103305,COPEL DISTRIB
2307809,COELCE
4321857,RGE SUL
2100501,CEMAR
3504206,ELEKTRO
2109700,CEMAR
3541059,CPFL PAULISTA
4315321,RGE SUL
4301701,RGE SUL
2203701,CEPISA
1703909,ENERGISA TO
3141603,ENERGISA MR
2908309,COELBA
5106232,ENERGISA MT
2902005,COELBA
4306452,RGE SUL
3303104,AMPLA
2511103,ENERGISA PB
2913804,COELBA
2910909,COELBA
3545704,ELEKTRO
4119251,COPEL DISTRIB
2304251,COELCE
2932457,COELBA
4121752,COPEL DISTRIB
4214300,CELESC DIST
3300605,AMPLA
2402303,COSERN
3145000,CEMIG DISTRIB
2412302,COSERN
3141207,CEMIG DISTRIB
2516706,ENERGISA PB
4301057,CEEE DISTRIB
4321667,CEEE DISTRIB
5219209,CELG
2512101,ENERGISA PB
3527405,ENERGISA SS
5104609,ENERGISA MT
3114402,CEMIG DISTRIB
4114500,COPEL DISTRIB
4210902,CELESC DIST
4316451,RGE SUL
2917102,COELBA
2305803,COELCE
2305308,COELCE
3121605,CEMIG DISTRIB
2923357,COELBA
2201200,CEPISA
3544251,ELEKTRO
2301604,COELCE
4315552,RGE SUL
2925006,COELBA
4318606,RGE SUL
3304607,AMPLA
4322152,COPREL COOPERATIVA
4319109,RGE SUL
3555109,ELEKTRO
3139508,ENERGISA MR
4320503,COPREL COOPERATIVA
4308656,RGE SUL
4103354,COPEL DISTRIB
4316733,COPREL COOPERATIVA
5002605,ENERGISA MS
3304755,AMPLA
4305871,CERILUZ DIST
2400802,COSERN
4105102,COPEL DISTRIB
4301305,CEEE DISTRIB
2511301,ENERGISA PB
1504455,CELPA
4206801,CELESC DIST
1504059,CELPA
2201150,CEPISA
3124302,CEMIG DISTRIB
3523008,ELEKTRO
3528106,ELEKTRO
2911204,COELBA
4121505,COPEL DISTRIB
3108602,CEMIG DISTRIB
3109402,CEMIG DISTRIB
3160405,CEMIG DISTRIB
2923506,COELBA
4304101,COPREL COOPERATIVA
3157005,CEMIG DISTRIB
3508108,ELEKTRO
1501600,CELPA
3162807,CEMIG DISTRIB
3141900,CEMIG DISTRIB
3167103,CEMIG DISTRIB
4104105,COPEL DISTRIB
3112307,CEMIG DISTRIB
2414506,COSERN
2917359,COELBA
4307864,RGE SUL
2403509,COSERN
2707305,CEAL
2305357,COELCE
2909505,COELBA
2906709,COELBA
4313391,CELETRO
4125308,COPEL DISTRIB
4112603,COPEL DISTRIB
2930766,COELBA
3204609,ESCELSA
2804458,ENERGISA SE
4201653,CELESC DIST
3503109,CPFL JAGUARI
1508035,CELPA
4128658,COPEL DISTRIB
3531704,BANDEIRANTE
3161007,CEMIG DISTRIB
5004403,ENERGISA MS
3501004,CPFL PAULISTA
4126652,COPEL DISTRIB
3104908,CEMIG DISTRIB
2313955,COELCE
2926301,COELBA
3202108,ESCELSA
2313401,COELCE
2925501,COELBA
4104402,COPEL DISTRIB
4106456,COPEL DISTRIB
3304151,AMPLA
4312674,COPREL COOPERATIVA
4110003,COPEL DISTRIB
4300554,COPREL COOPERATIVA
2303600,COELCE
3541802,CPFL PAULISTA
4117297,COPEL DISTRIB
4306551,CEEE DISTRIB
2401701,COSERN
3304102,AMPLA
2300309,COELCE
4303806,RGE SUL
3551405,CPFL PAULISTA
2903805,COELBA
4128559,COPEL DISTRIB
2613404,CELPE
2604502,CELPE
2905800,COELBA
5106158,ENERGISA MT
4112504,COPEL DISTRIB
2931004,COELBA
3512605,ELEKTRO
2504306,ENERGISA PB
3116902,CEMIG DISTRIB
5003504,ENERGISA MS
2924405,COELBA
5107941,ENERGISA MT
4311130,COPREL COOPERATIVA
2302701,COELCE
2406502,COSERN
2929107,COELBA
4319372,RGE SUL
3545605,CPFL PAULISTA
3532306,ELEKTRO
4316477,RGE SUL
3135050,CEMIG DISTRIB
2308500,COELCE
4121109,COPEL DISTRIB
4120333,COPEL DISTRIB
4118600,COPEL DISTRIB
2105708,CEMAR
4122156,COPEL DISTRIB
4318457,RGE SUL
4125753,COPEL DISTRIB
4308433,CERTEL DIST
4305975,COPREL COOPERATIVA
5106265,ENERGISA MT
4211405,CELESC DIST
2922854,COELBA
2413102,COSERN
2402204,COSERN
2905008,COELBA
4306056,CEEE DISTRIB
2310951,COELCE
5006408,ENERGISA MS
4301206,RGE SUL
4202602,CELESC DIST
3301504,AMPLA
3513603,ELEKTRO
2920601,COELBA
5100805,ENERGISA MT
4300208,RGE SUL
3161106,CEMIG DISTRIB
1501808,CELPA
4116802,COPEL DISTRIB
2110203,CEMAR
3542909,CPFL PAULISTA
2611002,CELPE
4319208,RGE SUL
2512002,ENERGISA PB
2614857,CELPE
4316436,RGE SUL
2406403,COSERN
5211206,CELG
4309050,RGE SUL
2410702,COSERN
4300646,RGE SUL
3156809,CEMIG DISTRIB
2903706,COELBA
2918100,COELBA
4107306,COPEL DISTRIB
4311718,RGE SUL
2801405,ENERGISA SE
2908705,COELBA
5106778,ENERGISA MT
2307502,COELCE
3112000,CEMIG DISTRIB
4300034,COOPERSUL
5000807,ELEKTRO
3145455,CEMIG DISTRIB
5103056,ENERGISA MT
5007950,ENERGISA MS
4111407,COPEL DISTRIB
3132503,CEMIG DISTRIB
3127008,CEMIG DISTRIB
3547700,ENERGISA SS
3125705,CEMIG DISTRIB
4308805,RGE SUL
2929909,COELBA
1506609,CELPA
3548609,ELEKTRO
3512704,ELEKTRO
4108957,COPEL DISTRIB
3522802,ELEKTRO
4302584,CERILUZ DIST
1200203,ENERGISA AC
2304509,COELCE
1503457,CELPA
4315404,RGE SUL
3514700,ENERGISA SS
3518503,CPFL JAGUARI
1100338,ENERGISA RO
4117800,COPEL DISTRIB
2923100,COELBA
4207205,CELESC DIST
2926202,COELBA
2309508,COELCE
4104709,COPEL DISTRIB
2102804,CEMAR
1707553,ENERGISA TO
2306801,COELCE
2503100,ENERGISA PB
3503604,CPFL PAULISTA
4305405,CERILUZ DIST
3119104,CEMIG DISTRIB
2913200,COELBA
4318101,RGE SUL
5001243,ENERGISA MS
4300661,RGE SUL
3153905,CEMIG DISTRIB
5000906,ENERGISA MS
3131604,CEMIG DISTRIB
2932200,COELBA
2921104,COELBA
3123502,CEMIG DISTRIB
2413359,COSERN
3532603,ELEKTRO
4305850,ELETROCAR
2900355,COELBA
3547908,CPFL PAULISTA
4209854,CELESC DIST
5201306,CELG
3542305,ELEKTRO
1720655,ENERGISA TO
2701100,CEAL
3115102,CEMIG DISTRIB
3553609,CPFL JAGUARI
2514909,ENERGISA PB
3529203,ENERGISA SS
4311270,RGE SUL
3112802,CEMIG DISTRIB
5104542,ENERGISA MT
2804706,ENERGISA SE
4307054,COPREL COOPERATIVA
2613602,CELPE
3132107,CEMIG DISTRIB
2305209,COELCE
4120705,COPEL DISTRIB
4108320,COPEL DISTRIB
3100203,CEMIG DISTRIB
2506103,ENERGISA PB
2509206,ENERGISA PB
3515400,ELEKTRO
2933109,COELBA
2208809,CEPISA
3549953,ELETROPAULO
2802205,ENERGISA SE
3200169,ESCELSA
4201000,CELESC DIST
1706100,ENERGISA TO
2516904,ENERGISA PB
2302107,COELCE
2928950,COELBA
3500600,CPFL PAULISTA
2932705,COELBA
2921708,COELBA
3501707,CPFL PAULISTA
3506201,CPFL PAULISTA
4102208,COPEL DISTRIB
5006903,ENERGISA MS
2309409,COELCE
3529807,CPFL PAULISTA
3111101,CEMIG DISTRIB
4309902,RGE SUL
3114303,CEMIG DISTRIB
2906824,COELBA
4316428,RGE SUL
4121604,COPEL DISTRIB
4118808,COPEL DISTRIB
4103057,COPEL DISTRIB
2933406,COELBA
2804003,ENERGISA SE
3128204,CEMIG DISTRIB
2926806,COELBA
4111555,COPEL DISTRIB
2309805,COELCE
3305307,AMPLA
5200050,CELG
2604205,CELPE
4314464,RGE SUL
4301925,RGE SUL
2911006,COELBA
3537206,ELEKTRO
4215653,CELESC DIST
3510708,ELEKTRO
3540309,ELEKTRO
4301503,CERILUZ DIST
3143401,CEMIG DISTRIB
3123106,CEMIG DISTRIB
2800670,SULGIPE
2211308,CEPISA
2407609,COSERN
4107157,COPEL DISTRIB
4117222,COPEL DISTRIB
4322186,RGE SUL
2904050,COELBA
2901700,COELBA
2901106,COELBA
3135704,CEMIG DISTRIB
2406908,COSERN
4115101,COPEL DISTRIB
2506400,ENERGISA PB
3550209,CPFL JAGUARI
3534500,ENERGISA SS
5207402,TER
2910750,COELBA
2919058,COELBA
3100401,CEMIG DISTRIB
2505808,ENERGISA PB
4321493,RGE SUL
2929354,COELBA
4113106,COPEL DISTRIB
4112306,COPEL DISTRIB
3117306,CEMIG DISTRIB
3200102,ESCELSA
2614709,CELPE
3104304,CEMIG DISTRIB
2921500,COELBA
2901601,COELBA
4125209,COPEL DISTRIB
3305901,AMPLA
2901205,COELBA
2111409,CEMAR
2933000,COELBA
2404507,COSERN
4311122,RGE SUL
2101004,CEMAR
4120358,COPEL DISTRIB
4213401,CELESC DIST
2313351,COELCE
2302305,COELCE
1713205,ENERGISA TO
2807402,SULGIPE
4310900,RGE SUL
1100056,ENERGISA RO
3154101,ENERGISA MR
3516101,ENERGISA SS
3520202,ELEKTRO
2804607,ENERGISA SE
4113809,COPEL DISTRIB
1705102,ENERGISA TO
4305009,RGE SUL
2305332,COELCE
2901957,COELBA
3535200,ELEKTRO
2306207,COELCE
2932309,COELBA
4118857,COPEL DISTRIB
2910404,COELBA
4306924,RGE SUL
3540903,CPFL PAULISTA
2504504,ENERGISA PB
2306108,COELCE
3543204,ENERGISA SS
3504404,CPFL PAULISTA
2929800,COELBA
2912301,COELBA
3123205,CEMIG DISTRIB
3111002,CEMIG DISTRIB
5108907,ENERGISA MT
2921203,COELBA
3137536,CEMIG DISTRIB
4121257,COPEL DISTRIB
2918902,COELBA
4315958,CERMISSOES
3551207,CPFL JAGUARI
1507474,CELPA
3168804,CEMIG DISTRIB
4106803,COPEL DISTRIB
2923050,COELBA
5214101,CELG
4302600,RGE SUL
3150703,CEMIG DISTRIB
3159001,CEMIG DISTRIB
4317954,CRERAL DIST
4203253,CELESC DIST
4312138,COPREL COOPERATIVA
1505635,CELPA
2310407,COELCE
2308401,COELCE
5204250,CELG
2303907,COELCE
4321436,CEEE DISTRIB
2412807,COSERN
2923308,COELBA
2303808,COELCE
2933505,COELBA
2911105,COELBA
2707503,CEAL
2924207,COELBA
4217550,CELESC DIST
3203700,ESCELSA
2911907,COELBA
2909208,COELBA
4212601,CELESC DIST
3110905,CEMIG DISTRIB
2312106,COELCE
2504702,ENERGISA PB
3108008,CEMIG DISTRIB
4122651,COPEL DISTRIB
4308458,RGE SUL
2512408,ENERGISA PB
3519105,CPFL PAULISTA
2916203,COELBA
3111606,CEMIG DISTRIB
3109600,CEMIG DISTRIB
2923803,COELBA
4303707,RGE SUL
4322525,CERTAJA
2918704,COELBA
2311231,COELCE
4104451,COPEL DISTRIB
2920908,COELBA
1707108,ENERGISA TO
4107751,COPEL DISTRIB
3203353,ELFSM
4121307,COPEL DISTRIB
2904308,COELBA
2205805,CEPISA
1716703,ENERGISA TO
3108305,CEMIG DISTRIB
4111704,COPEL DISTRIB
3551801,ELEKTRO
2922805,COELBA
3139102,CEMIG DISTRIB
3203163,ESCELSA
3113503,CEMIG DISTRIB
3514502,CPFL PAULISTA
2311009,COELCE
3300159,AMPLA
4311106,RGE SUL
4107801,COPEL DISTRIB
2406007,COSERN
1507409,CELPA
2109502,CEMAR
4319356,CERTEL DIST
2925931,COELBA
2921401,COELBA
4120002,COPEL DISTRIB
4122503,COPEL DISTRIB
2901304,COELBA
3532157,ENERGISA SS
2801009,ENERGISA SE
2907004,COELBA
4212700,CELESC DIST
2913903,COELBA
3554706,CPFL PAULISTA
3536604,ELEKTRO
2708709,CEAL
4202073,CELESC DIST
4315008,RGE SUL
4108452,COPEL DISTRIB
2407252,COSERN
4112959,COPEL DISTRIB
2924058,COELBA
4310876,COPREL COOPERATIVA
2407005,COSERN
2311108,COELCE
2403004,COSERN
3153707,CEMIG DISTRIB
4123105,COPEL DISTRIB
4100459,COPEL DISTRIB
2912202,COELBA
4115853,COPEL DISTRIB
5208103,CELG
3149507,CEMIG DISTRIB
2310902,COELCE
4317756,ELETROCAR
4320263,RGE SUL
4309951,RGE SUL
2313559,COELCE
4209458,DCELT
3520707,ELEKTRO
4314209,CEEE DISTRIB
4314027,CELETRO
3111408,CEMIG DISTRIB
2911402,COELBA
4106852,COPEL DISTRIB
3157336,CEMIG DISTRIB
4310504,RGE SUL
2308609,COELCE
2933059,COELBA
4116604,COPEL DISTRIB
5219605,CELG
2907905,COELBA
3300902,AMPLA
2100808,CEMAR
1303536,AMAZONAS ENERG
2911659,COELBA
3528304,ELEKTRO
3204005,ELFSM
2917904,SULGIPE
3205176,ELFSM
2306504,COELCE
2306009,COELCE
2915304,COELBA
2918357,COELBA
5107107,ENERGISA MT
2306603,COELCE
2513406,ENERGISA PB
4110201,COPEL DISTRIB
4120655,COPEL DISTRIB
4301800,CRERAL DIST
4316972,RGE SUL
4305371,COPREL COOPERATIVA
4114906,COPEL DISTRIB
4310413,CERILUZ DIST
2922409,COELBA
4313425,RGE SUL
2909604,COELBA
2927002,SULGIPE
2305266,COELCE
2200509,CEPISA
2903409,COELBA
4315107,RGE SUL
2300804,COELCE
2300705,COELCE
4102703,CPFL JAGUARI
3526100,ELEKTRO
4309704,RGE SUL
2304459,COELCE
2310308,COELCE
4311502,CEEE DISTRIB
4121356,COPEL DISTRIB
4314175,CEEE DISTRIB
2410504,COSERN
4301404,RGE SUL
3162203,CEMIG DISTRIB
2905404,COELBA
2309458,COELCE
5214838,CELG
2501500,ENERGISA PB
4113452,COPEL DISTRIB
2900801,COELBA
4302378,RGE SUL
2308906,COELCE
2313203,COELCE
2908002,COELBA
2301703,COELCE
2910305,COELBA
4122107,COPEL DISTRIB
4321477,RGE SUL
2903904,COELBA
3150406,CEMIG DISTRIB
2611903,CELPE
4119004,COPEL DISTRIB
2905602,COELBA
1508357,CELPA
4312757,CERFOX DIST
3203007,ESCELSA
4215356,CELESC DIST
3547007,CPFL PAULISTA
2920809,COELBA
2906303,COELBA
4101051,COPEL DISTRIB
2915809,COELBA
1502954,CELPA
4312203,RGE SUL
3165008,CEMIG DISTRIB
3541653,ELEKTRO
1500404,CELPA
5007406,ENERGISA MS
2302602,COELCE
2702702,CEAL
4112900,COPEL DISTRIB
4306304,RGE SUL
1702307,ENERGISA TO
3505401,ELEKTRO
2304905,COELCE
5007935,ENERGISA MT
2313708,COELCE
4306502,CEEE DISTRIB
2924603,COELBA
2302404,COELCE
4119657,COPEL DISTRIB
4108700,COPEL DISTRIB
5105200,ENERGISA MT
4106100,COPEL DISTRIB
5210901,CELG
2916708,COELBA
2303956,COELCE
4122172,COPEL DISTRIB
5207808,CELG
2511400,ENERGISA PB
4310579,CERFOX DIST
4124004,COPEL DISTRIB
2906105,COELBA
4216404,CEPRAG
5106828,ENERGISA MT
4319703,RGE SUL
4306379,RGE SUL
2927804,COELBA
2922102,COELBA
2912707,COELBA
4104055,COPEL DISTRIB
4111605,COPEL DISTRIB
2922706,COELBA
2913002,COELBA
2928059,COELBA
3509809,CPFL PAULISTA
4115002,COPEL DISTRIB
4106555,COPEL DISTRIB
5005806,ENERGISA MS
5005251,ENERGISA MS
3538907,CPFL PAULISTA
4317558,RGE SUL
4124707,COPEL DISTRIB
3556354,ENERGISA SS
4119202,COPEL DISTRIB
4304952,RGE SUL
3128402,ENERGISA MR
3300936,AMPLA
4113759,COPEL DISTRIB
4202578,CELESC DIST
2924108,COELBA
2305605,COELCE
1505809,CELPA
2102903,CEMAR
1200500,ENERGISA AC
4215679,CELESC DIST
2301505,COELCE
4200309,CELESC DIST
2308203,COELCE
3169109,ENERGISA SS
4205555,CELESC DIST
2301406,COELCE
2921609,COELBA
4205431,CELESC DIST
2311900,COELCE
2919009,COELBA
5217708,CELG
4128807,COPEL DISTRIB
2928208,COELBA
3305133,AMPLA
4312625,COPREL COOPERATIVA
2300606,COELCE
2925907,COELBA
1506195,CELPA
2207009,CEPISA
2916906,COELBA
4323507,RGE SUL
2908804,COELBA
2700409,CEAL
4102505,COPEL DISTRIB
4322343,RGE SUL
2304608,COELCE
4211454,CELESC DIST
2312007,COELCE
2917409,COELBA
3150307,CEMIG DISTRIB
4126900,COPEL DISTRIB
2902807,COELBA
2308104,COELCE
2924702,COELBA
4110656,COPEL DISTRIB
2300754,COELCE
4320230,RGE SUL
1200609,ENERGISA AC
1707702,ENERGISA TO
1200252,ENERGISA AC
4312179,CERMISSOES
4103008,COPEL DISTRIB
4311700,RGE SUL
4319307,RGE SUL
4125407,COPEL DISTRIB
4101150,COPEL DISTRIB
2805307,ENERGISA SE
4314068,RGE SUL
2110039,CEMAR
2312304,COELCE
4109104,COPEL DISTRIB
3547106,ELEKTRO
4300455,RGE SUL
2932804,COELBA
2916609,COELBA
3544707,ENERGISA SS
2911501,COELBA
4107546,COPEL DISTRIB
2931608,COELBA
2911808,COELBA
3519253,CPFL JAGUARI
2914000,COELBA
2306900,COELCE
4110904,COPEL DISTRIB
3200201,ESCELSA
4117057,COPEL DISTRIB
4123600,COPEL DISTRIB
4307302,RGE SUL
2300903,COELCE
5220058,CELG
4102752,COPEL DISTRIB
4300851,CEEE DISTRIB
2205706,CEPISA
2932002,COELBA
2906600,COELBA
2924900,COELBA
2917805,COELBA
3137106,CEMIG DISTRIB
3305604,AMPLA
4107702,COPEL DISTRIB
4319802,RGE SUL
2509305,ENERGISA PB
2931806,COELBA
2300101,COELCE
3117702,CEMIG DISTRIB
3513306,ENERGISA SS
4122909,COPEL DISTRIB
2933158,COELBA
2701407,CEAL
2305407,COELCE
3101706,CEMIG DISTRIB
2904001,COELBA
2902252,COELBA
2925600,COELBA
4100301,COPEL DISTRIB
4113429,COPEL DISTRIB
2912608,COELBA
2611408,CELPE
2305001,COELCE
3106408,CEMIG DISTRIB
4127908,COPEL DISTRIB
3301157,AMPLA
4205001,CELESC DIST
1503200,CELPA
3138625,CEMIG DISTRIB
3543006,ELEKTRO
2905305,COELBA
4127809,COPEL DISTRIB
2202901,CEPISA
5204706,CELG
1715754,ENERGISA TO
1702554,ENERGISA TO
3551306,ELEKTRO
3123809,CEMIG DISTRIB
1702208,ENERGISA TO
2309201,COELCE
1505494,CELPA
4323101,RGE SUL
3544202,ELEKTRO
2914307,COELBA
2702801,CEAL
2401909,COSERN
5101308,ENERGISA MT
2408706,COSERN
1500859,CELPA
4109500,COPEL DISTRIB
3127206,CEMIG DISTRIB
3202306,ESCELSA
2919157,COELBA
2708501,CEAL
4313003,RGE SUL
5103700,ENERGISA MT
1718451,ENERGISA TO
1502004,CELPA
3121803,CEMIG DISTRIB
2603801,CELPE
2900603,COELBA
2303659,COELCE
2933257,COELBA
3539400,CPFL PAULISTA
2210003,CEPISA
3529609,ELEKTRO
3129707,CEMIG DISTRIB
3533205,ELEKTRO
3114550,CEMIG DISTRIB
3535002,CPFL PAULISTA
3171105,CEMIG DISTRIB
3305406,LIGHT
3152204,CEMIG DISTRIB
